﻿<?xml version="1.0" encoding="utf-8"?>
<projectfiles>
  <file name="01. Catalogue.csproj" />
  <file name="App.config" />
  <file name="catalog.html" />
  <file name="EntryPoint.cs" />
  <dir name=".idea">
    <file name=".name" />
    <file name="01. Catalogue.iml" />
    <file name="misc.xml" />
    <file name="modules.xml" />
    <file name="vcs.xml" />
    <file name="workspace.xml" />
  </dir>
  <dir name="bin">
    <dir name="Debug">
      <file name="_01.Catalogue.exe" />
      <file name="_01.Catalogue.exe.config" />
      <file name="_01.Catalogue.pdb" />
      <file name="_01.Catalogue.vshost.exe" />
      <file name="_01.Catalogue.vshost.exe.config" />
      <file name="_01.Catalogue.vshost.exe.manifest" />
    </dir>
  </dir>
  <dir name="Database">
    <file name="Album.xml" />
    <file name="AudioCatalog.xml" />
    <file name="AudioCatalog.xsd" />
    <file name="AudioCatalog2.xml" />
    <file name="catalog.html" />
    <file name="catalogueTransformer.xsl" />
    <file name="directories.xml" />
    <file name="directoriesXpath.xml" />
    <file name="PersonData.txt" />
    <file name="PersonData.xml" />
  </dir>
  <dir name="obj">
    <dir name="Debug">
      <file name="01. Catalogue.csproj.FileListAbsolute.txt" />
      <file name="01. Catalogue.csprojResolveAssemblyReference.cache" />
      <file name="DesignTimeResolveAssemblyReferencesInput.cache" />
      <file name="TemporaryGeneratedFile_036C0B5B-1481-4323-8D20-8F5ADCB23D92.cs" />
      <file name="TemporaryGeneratedFile_5937a670-0e60-4077-877b-f7221da3dda1.cs" />
      <file name="TemporaryGeneratedFile_E7A71F73-0F8D-4B9B-B56E-8E70B10BC5D3.cs" />
      <file name="_01.Catalogue.exe" />
      <file name="_01.Catalogue.pdb" />
      <dir name="TempPE" />
    </dir>
  </dir>
  <dir name="Properties">
    <file name="AssemblyInfo.cs" />
  </dir>
</projectfiles>