<?xml version="1.0" encoding="UTF-8"?>
<feed xmlns:yt="http://www.youtube.com/xml/schemas/2015" xmlns:media="http://search.yahoo.com/mrss/" xmlns="http://www.w3.org/2005/Atom">
  <link rel="self" href="http://www.youtube.com/feeds/videos.xml?channel_id=UCLC-vbm7OWvpbqzXaoAMGGw"/>
  <id>yt:channel:UCLC-vbm7OWvpbqzXaoAMGGw</id>
  <yt:channelId>UCLC-vbm7OWvpbqzXaoAMGGw</yt:channelId>
  <title>TelerikAcademy</title>
  <link rel="alternate" href="http://www.youtube.com/channel/UCLC-vbm7OWvpbqzXaoAMGGw"/>
  <author>
    <name>TelerikAcademy</name>
    <uri>http://www.youtube.com/channel/UCLC-vbm7OWvpbqzXaoAMGGw</uri>
  </author>
  <published>2011-06-24T15:53:13+00:00</published>
  <entry>
    <id>yt:video:9OslpKIQBkU</id>
    <yt:videoId>9OslpKIQBkU</yt:videoId>
    <yt:channelId>UCLC-vbm7OWvpbqzXaoAMGGw</yt:channelId>
    <title>Въведение в SQL (Част 2)</title>
    <link rel="alternate" href="http://www.youtube.com/watch?v=9OslpKIQBkU"/>
    <author>
      <name>TelerikAcademy</name>
      <uri>http://www.youtube.com/channel/UCLC-vbm7OWvpbqzXaoAMGGw</uri>
    </author>
    <published>2015-10-06T08:01:58+00:00</published>
    <updated>2015-10-06T08:01:58+00:00</updated>
    <media:group>
      <media:title>Въведение в SQL (Част 2)</media:title>
      <media:content url="https://www.youtube.com/v/9OslpKIQBkU?version=3" type="application/x-shockwave-flash" width="640" height="390"/>
      <media:thumbnail url="https://i2.ytimg.com/vi/9OslpKIQBkU/hqdefault.jpg" width="480" height="360"/>
      <media:description>
        Лекция: Въведение в SQL (Част 2)
        Курс: Бази данни 2015
        Лектор: Ивайло Кенов
        Дата: 5 октомври 2015

        Уебсайт на Академията на Телерик: http://academy.telerik.com

        Следете за предстоящи безплатни обучения на Академията на Телерик във Facebook: http://www.facebook.com/TelerikAcademy.
      </media:description>
      <media:community>
        <media:starRating count="0" average="0.00" min="1" max="5"/>
        <media:statistics views="104"/>
      </media:community>
    </media:group>
  </entry>
  <entry>
    <id>yt:video:hazRQIFGE2E</id>
    <yt:videoId>hazRQIFGE2E</yt:videoId>
    <yt:channelId>UCLC-vbm7OWvpbqzXaoAMGGw</yt:channelId>
    <title>Въведение в SQL</title>
    <link rel="alternate" href="http://www.youtube.com/watch?v=hazRQIFGE2E"/>
    <author>
      <name>TelerikAcademy</name>
      <uri>http://www.youtube.com/channel/UCLC-vbm7OWvpbqzXaoAMGGw</uri>
    </author>
    <published>2015-10-05T08:09:59+00:00</published>
    <updated>2015-10-06T09:58:11+00:00</updated>
    <media:group>
      <media:title>Въведение в SQL</media:title>
      <media:content url="https://www.youtube.com/v/hazRQIFGE2E?version=3" type="application/x-shockwave-flash" width="640" height="390"/>
      <media:thumbnail url="https://i1.ytimg.com/vi/hazRQIFGE2E/hqdefault.jpg" width="480" height="360"/>
      <media:description>
        Лекция: Въведение в SQL
        Курс: Бази данни 2015
        Лектор: Ивайло Кенов
        Дата: 2 октомври 2015

        Уебсайт на Академията на Телерик: http://academy.telerik.com

        Следете за предстоящи безплатни обучения на Академията на Телерик във Facebook: http://www.facebook.com/TelerikAcademy.
      </media:description>
      <media:community>
        <media:starRating count="2" average="5.00" min="1" max="5"/>
        <media:statistics views="156"/>
      </media:community>
    </media:group>
  </entry>
  <entry>
    <id>yt:video:Wu1K7UHk9XA</id>
    <yt:videoId>Wu1K7UHk9XA</yt:videoId>
    <yt:channelId>UCLC-vbm7OWvpbqzXaoAMGGw</yt:channelId>
    <title>Моделиране на данни</title>
    <link rel="alternate" href="http://www.youtube.com/watch?v=Wu1K7UHk9XA"/>
    <author>
      <name>TelerikAcademy</name>
      <uri>http://www.youtube.com/channel/UCLC-vbm7OWvpbqzXaoAMGGw</uri>
    </author>
    <published>2015-10-02T13:01:01+00:00</published>
    <updated>2015-10-04T11:32:49+00:00</updated>
    <media:group>
      <media:title>Моделиране на данни</media:title>
      <media:content url="https://www.youtube.com/v/Wu1K7UHk9XA?version=3" type="application/x-shockwave-flash" width="640" height="390"/>
      <media:thumbnail url="https://i4.ytimg.com/vi/Wu1K7UHk9XA/hqdefault.jpg" width="480" height="360"/>
      <media:description>
        Лекция: Моделиране на данни
        Курс: Бази Данни 2015
        Лектор: Евлоги Христов
        Дата: 02 Октомври 2015

        Уебсайт на Академията на Телерик: http://academy.telerik.com

        Следете за предстоящи безплатни обучения на Академията на Телерик във Facebook: http://www.facebook.com/TelerikAcademy.
      </media:description>
      <media:community>
        <media:starRating count="2" average="3.00" min="1" max="5"/>
        <media:statistics views="393"/>
      </media:community>
    </media:group>
  </entry>
  <entry>
    <id>yt:video:qHFfV-WQgD0</id>
    <yt:videoId>qHFfV-WQgD0</yt:videoId>
    <yt:channelId>UCLC-vbm7OWvpbqzXaoAMGGw</yt:channelId>
    <title>Mocking with Moq and JustMock (Ники)</title>
    <link rel="alternate" href="http://www.youtube.com/watch?v=qHFfV-WQgD0"/>
    <author>
      <name>TelerikAcademy</name>
      <uri>http://www.youtube.com/channel/UCLC-vbm7OWvpbqzXaoAMGGw</uri>
    </author>
    <published>2015-10-02T06:18:00+00:00</published>
    <updated>2015-10-02T16:31:50+00:00</updated>
    <media:group>
      <media:title>Mocking with Moq and JustMock (Ники)</media:title>
      <media:content url="https://www.youtube.com/v/qHFfV-WQgD0?version=3" type="application/x-shockwave-flash" width="640" height="390"/>
      <media:thumbnail url="https://i2.ytimg.com/vi/qHFfV-WQgD0/hqdefault.jpg" width="480" height="360"/>
      <media:description>
        Лекция: Mocking with Moq and JustMock
        Курс: Качествен програмен код 2015
        Лектор: Николай Костов
        Дата: 1 октомври 2015

        Уебсайт на Академията на Телерик: http://academy.telerik.com

        Следете за предстоящи безплатни обучения на Академията на Телерик във Facebook: http://www.facebook.com/TelerikAcademy.
      </media:description>
      <media:community>
        <media:starRating count="1" average="5.00" min="1" max="5"/>
        <media:statistics views="112"/>
      </media:community>
    </media:group>
  </entry>
  <entry>
    <id>yt:video:LWZP5S8U7Z0</id>
    <yt:videoId>LWZP5S8U7Z0</yt:videoId>
    <yt:channelId>UCLC-vbm7OWvpbqzXaoAMGGw</yt:channelId>
    <title>Software Quality Assurance</title>
    <link rel="alternate" href="http://www.youtube.com/watch?v=LWZP5S8U7Z0"/>
    <author>
      <name>TelerikAcademy</name>
      <uri>http://www.youtube.com/channel/UCLC-vbm7OWvpbqzXaoAMGGw</uri>
    </author>
    <published>2015-10-01T12:08:46+00:00</published>
    <updated>2015-10-01T12:08:46+00:00</updated>
    <media:group>
      <media:title>Software Quality Assurance</media:title>
      <media:content url="https://www.youtube.com/v/LWZP5S8U7Z0?version=3" type="application/x-shockwave-flash" width="640" height="390"/>
      <media:thumbnail url="https://i1.ytimg.com/vi/LWZP5S8U7Z0/hqdefault.jpg" width="480" height="360"/>
      <media:description>
        Лекция: Software Quality Assurance
        Курс: Качествен програмен код 2015
        Лектор: Ивайло Кенов
        Дата: 30 септември 2015

        Уебсайт на Академията на Телерик: http://academy.telerik.com

        Следете за предстоящи безплатни обучения на Академията на Телерик във Facebook: http://www.facebook.com/TelerikAcademy.
      </media:description>
      <media:community>
        <media:starRating count="0" average="0.00" min="1" max="5"/>
        <media:statistics views="151"/>
      </media:community>
    </media:group>
  </entry>
  <entry>
    <id>yt:video:-R6aeupYHMQ</id>
    <yt:videoId>-R6aeupYHMQ</yt:videoId>
    <yt:channelId>UCLC-vbm7OWvpbqzXaoAMGGw</yt:channelId>
    <title>Mocking с Moq и JustMock</title>
    <link rel="alternate" href="http://www.youtube.com/watch?v=-R6aeupYHMQ"/>
    <author>
      <name>TelerikAcademy</name>
      <uri>http://www.youtube.com/channel/UCLC-vbm7OWvpbqzXaoAMGGw</uri>
    </author>
    <published>2015-10-01T12:08:23+00:00</published>
    <updated>2015-10-04T11:38:35+00:00</updated>
    <media:group>
      <media:title>Mocking с Moq и JustMock</media:title>
      <media:content url="https://www.youtube.com/v/-R6aeupYHMQ?version=3" type="application/x-shockwave-flash" width="640" height="390"/>
      <media:thumbnail url="https://i2.ytimg.com/vi/-R6aeupYHMQ/hqdefault.jpg" width="480" height="360"/>
      <media:description>
        Лекция: Mocking с Moq и JustMock
        Курс: Качествен програмен код 2015
        Лектор: Ивайло Кенов
        Дата: 30 септември 2015

        Уебсайт на Академията на Телерик: http://academy.telerik.com

        Следете за предстоящи безплатни обучения на Академията на Телерик във Facebook: http://www.facebook.com/TelerikAcademy.
      </media:description>
      <media:community>
        <media:starRating count="1" average="1.00" min="1" max="5"/>
        <media:statistics views="182"/>
      </media:community>
    </media:group>
  </entry>
  <entry>
    <id>yt:video:Kvy1hesBrLE</id>
    <yt:videoId>Kvy1hesBrLE</yt:videoId>
    <yt:channelId>UCLC-vbm7OWvpbqzXaoAMGGw</yt:channelId>
    <title>Въведение в базите данни (Ники)</title>
    <link rel="alternate" href="http://www.youtube.com/watch?v=Kvy1hesBrLE"/>
    <author>
      <name>TelerikAcademy</name>
      <uri>http://www.youtube.com/channel/UCLC-vbm7OWvpbqzXaoAMGGw</uri>
    </author>
    <published>2015-09-30T22:16:30+00:00</published>
    <updated>2015-10-04T12:38:39+00:00</updated>
    <media:group>
      <media:title>Въведение в базите данни (Ники)</media:title>
      <media:content url="https://www.youtube.com/v/Kvy1hesBrLE?version=3" type="application/x-shockwave-flash" width="640" height="390"/>
      <media:thumbnail url="https://i4.ytimg.com/vi/Kvy1hesBrLE/hqdefault.jpg" width="480" height="360"/>
      <media:description>
        Лекция: Въведение в базите данни
        Курс: Бази данни 2015
        Лектор: Николай Костов
        Дата: 30 септември 2015

        Уебсайт на Академията на Телерик: http://academy.telerik.com

        Следете за предстоящи безплатни обучения на Академията на Телерик във Facebook: http://www.facebook.com/TelerikAcademy.
      </media:description>
      <media:community>
        <media:starRating count="4" average="5.00" min="1" max="5"/>
        <media:statistics views="464"/>
      </media:community>
    </media:group>
  </entry>
  <entry>
    <id>yt:video:QJMiAtlkLck</id>
    <yt:videoId>QJMiAtlkLck</yt:videoId>
    <yt:channelId>UCLC-vbm7OWvpbqzXaoAMGGw</yt:channelId>
    <title>Microsoft SQL Server и MySQL (Ники)</title>
    <link rel="alternate" href="http://www.youtube.com/watch?v=QJMiAtlkLck"/>
    <author>
      <name>TelerikAcademy</name>
      <uri>http://www.youtube.com/channel/UCLC-vbm7OWvpbqzXaoAMGGw</uri>
    </author>
    <published>2015-09-30T22:06:47+00:00</published>
    <updated>2015-10-01T07:56:53+00:00</updated>
    <media:group>
      <media:title>Microsoft SQL Server и MySQL (Ники)</media:title>
      <media:content url="https://www.youtube.com/v/QJMiAtlkLck?version=3" type="application/x-shockwave-flash" width="640" height="390"/>
      <media:thumbnail url="https://i2.ytimg.com/vi/QJMiAtlkLck/hqdefault.jpg" width="480" height="360"/>
      <media:description>
        Лекция: Microsoft SQL Server и MySQL
        Курс: Бази данни 2015
        Лектор: Николай Костов
        Дата: 30 септември 2015

        Уебсайт на Академията на Телерик: http://academy.telerik.com

        Следете за предстоящи безплатни обучения на Академията на Телерик във Facebook: http://www.facebook.com/TelerikAcademy.
      </media:description>
      <media:community>
        <media:starRating count="1" average="5.00" min="1" max="5"/>
        <media:statistics views="386"/>
      </media:community>
    </media:group>
  </entry>
  <entry>
    <id>yt:video:ErdJLV6kij8</id>
    <yt:videoId>ErdJLV6kij8</yt:videoId>
    <yt:channelId>UCLC-vbm7OWvpbqzXaoAMGGw</yt:channelId>
    <title>Работа с JSON  в NET</title>
    <link rel="alternate" href="http://www.youtube.com/watch?v=ErdJLV6kij8"/>
    <author>
      <name>TelerikAcademy</name>
      <uri>http://www.youtube.com/channel/UCLC-vbm7OWvpbqzXaoAMGGw</uri>
    </author>
    <published>2015-09-30T14:55:05+00:00</published>
    <updated>2015-10-06T02:12:54+00:00</updated>
    <media:group>
      <media:title>Работа с JSON  в NET</media:title>
      <media:content url="https://www.youtube.com/v/ErdJLV6kij8?version=3" type="application/x-shockwave-flash" width="640" height="390"/>
      <media:thumbnail url="https://i2.ytimg.com/vi/ErdJLV6kij8/hqdefault.jpg" width="480" height="360"/>
      <media:description>
        Лекция: Работа с JSON  в NET
        Курс: Бази от данни 2015
        Лектор: Дончо Минков
        Дата: 29 октомври 2015

        Уебсайт на Академията на Телерик: http://academy.telerik.com

        Следете за предстоящи безплатни обучения на Академията на Телерик във Facebook: http://www.facebook.com/TelerikAcademy.
      </media:description>
      <media:community>
        <media:starRating count="1" average="5.00" min="1" max="5"/>
        <media:statistics views="446"/>
      </media:community>
    </media:group>
  </entry>
  <entry>
    <id>yt:video:yLAbc_Bvdj8</id>
    <yt:videoId>yLAbc_Bvdj8</yt:videoId>
    <yt:channelId>UCLC-vbm7OWvpbqzXaoAMGGw</yt:channelId>
    <title>Работа с XML в .NET</title>
    <link rel="alternate" href="http://www.youtube.com/watch?v=yLAbc_Bvdj8"/>
    <author>
      <name>TelerikAcademy</name>
      <uri>http://www.youtube.com/channel/UCLC-vbm7OWvpbqzXaoAMGGw</uri>
    </author>
    <published>2015-09-29T21:45:42+00:00</published>
    <updated>2015-09-29T21:45:42+00:00</updated>
    <media:group>
      <media:title>Работа с XML в .NET</media:title>
      <media:content url="https://www.youtube.com/v/yLAbc_Bvdj8?version=3" type="application/x-shockwave-flash" width="640" height="390"/>
      <media:thumbnail url="https://i2.ytimg.com/vi/yLAbc_Bvdj8/hqdefault.jpg" width="480" height="360"/>
      <media:description>
        Лекция: Работа с XML в .NET
        Курс: Бази данни 2015
        Лектор: Евлоги Христов
        Дата: 29 септември 2015

        Уебсайт на Академията на Телерик: http://academy.telerik.com

        Следете за предстоящи безплатни обучения на Академията на Телерик във Facebook: http://www.facebook.com/TelerikAcademy.
      </media:description>
      <media:community>
        <media:starRating count="0" average="0.00" min="1" max="5"/>
        <media:statistics views="560"/>
      </media:community>
    </media:group>
  </entry>
  <entry>
    <id>yt:video:CZUJa61fUQ8</id>
    <yt:videoId>CZUJa61fUQ8</yt:videoId>
    <yt:channelId>UCLC-vbm7OWvpbqzXaoAMGGw</yt:channelId>
    <title>C# Tips and Tricks - част 2 (Ники)</title>
    <link rel="alternate" href="http://www.youtube.com/watch?v=CZUJa61fUQ8"/>
    <author>
      <name>TelerikAcademy</name>
      <uri>http://www.youtube.com/channel/UCLC-vbm7OWvpbqzXaoAMGGw</uri>
    </author>
    <published>2015-09-29T07:03:01+00:00</published>
    <updated>2015-10-05T14:50:28+00:00</updated>
    <media:group>
      <media:title>C# Tips and Tricks - част 2 (Ники)</media:title>
      <media:content url="https://www.youtube.com/v/CZUJa61fUQ8?version=3" type="application/x-shockwave-flash" width="640" height="390"/>
      <media:thumbnail url="https://i4.ytimg.com/vi/CZUJa61fUQ8/hqdefault.jpg" width="480" height="360"/>
      <media:description>
        Лекция: C# Tips and Tricks - част 2
        Курс: Telerik Academy Plus
        Лектор: Николай Костов
        Дата: 26 септвмври 2015

        Уебсайт на Академията на Телерик: http://academy.telerik.com

        Следете за предстоящи безплатни обучения на Академията на Телерик във Facebook: http://www.facebook.com/TelerikAcademy.
      </media:description>
      <media:community>
        <media:starRating count="7" average="5.00" min="1" max="5"/>
        <media:statistics views="227"/>
      </media:community>
    </media:group>
  </entry>
  <entry>
    <id>yt:video:40lgchWTyDQ</id>
    <yt:videoId>40lgchWTyDQ</yt:videoId>
    <yt:channelId>UCLC-vbm7OWvpbqzXaoAMGGw</yt:channelId>
    <title>Основи в XML</title>
    <link rel="alternate" href="http://www.youtube.com/watch?v=40lgchWTyDQ"/>
    <author>
      <name>TelerikAcademy</name>
      <uri>http://www.youtube.com/channel/UCLC-vbm7OWvpbqzXaoAMGGw</uri>
    </author>
    <published>2015-09-28T21:12:16+00:00</published>
    <updated>2015-09-29T09:03:38+00:00</updated>
    <media:group>
      <media:title>Основи в XML</media:title>
      <media:content url="https://www.youtube.com/v/40lgchWTyDQ?version=3" type="application/x-shockwave-flash" width="640" height="390"/>
      <media:thumbnail url="https://i1.ytimg.com/vi/40lgchWTyDQ/hqdefault.jpg" width="480" height="360"/>
      <media:description>
        Лекция: Основи в XML
        Курс: Бази данни 2015
        Лектор: Евлоги Христов
        Дата: 28 септември 2015

        Уебсайт на Академията на Телерик: http://academy.telerik.com

        Следете за предстоящи безплатни обучения на Академията на Телерик във Facebook: http://www.facebook.com/TelerikAcademy.
      </media:description>
      <media:community>
        <media:starRating count="1" average="5.00" min="1" max="5"/>
        <media:statistics views="940"/>
      </media:community>
    </media:group>
  </entry>
  <entry>
    <id>yt:video:KUSJYQnsuJw</id>
    <yt:videoId>KUSJYQnsuJw</yt:videoId>
    <yt:channelId>UCLC-vbm7OWvpbqzXaoAMGGw</yt:channelId>
    <title>Представяне на курса по Бази данни</title>
    <link rel="alternate" href="http://www.youtube.com/watch?v=KUSJYQnsuJw"/>
    <author>
      <name>TelerikAcademy</name>
      <uri>http://www.youtube.com/channel/UCLC-vbm7OWvpbqzXaoAMGGw</uri>
    </author>
    <published>2015-09-28T18:44:19+00:00</published>
    <updated>2015-09-30T10:21:51+00:00</updated>
    <media:group>
      <media:title>Представяне на курса по Бази данни</media:title>
      <media:content url="https://www.youtube.com/v/KUSJYQnsuJw?version=3" type="application/x-shockwave-flash" width="640" height="390"/>
      <media:thumbnail url="https://i4.ytimg.com/vi/KUSJYQnsuJw/hqdefault.jpg" width="480" height="360"/>
      <media:description>
        Лекция: Представяне на курса по Бази данни
        Курс: Бази данни 2015
        Лектор: Николай Костов
        Дата: 28 септември 2015

        Уебсайт на Академията на Телерик: http://academy.telerik.com

        Следете за предстоящи безплатни обучения на Академията на Телерик във Facebook: http://www.facebook.com/TelerikAcademy.
      </media:description>
      <media:community>
        <media:starRating count="3" average="5.00" min="1" max="5"/>
        <media:statistics views="578"/>
      </media:community>
    </media:group>
  </entry>
  <entry>
    <id>yt:video:yoIfXSzgCxo</id>
    <yt:videoId>yoIfXSzgCxo</yt:videoId>
    <yt:channelId>UCLC-vbm7OWvpbqzXaoAMGGw</yt:channelId>
    <title>Основи на софтуерното инженерство</title>
    <link rel="alternate" href="http://www.youtube.com/watch?v=yoIfXSzgCxo"/>
    <author>
      <name>TelerikAcademy</name>
      <uri>http://www.youtube.com/channel/UCLC-vbm7OWvpbqzXaoAMGGw</uri>
    </author>
    <published>2015-09-25T07:50:10+00:00</published>
    <updated>2015-09-28T20:51:50+00:00</updated>
    <media:group>
      <media:title>Основи на софтуерното инженерство</media:title>
      <media:content url="https://www.youtube.com/v/yoIfXSzgCxo?version=3" type="application/x-shockwave-flash" width="640" height="390"/>
      <media:thumbnail url="https://i2.ytimg.com/vi/yoIfXSzgCxo/hqdefault.jpg" width="480" height="360"/>
      <media:description>
        Лекция: Основи на софтуерното инженерство
        Курс: Качествен програмен код 2015
        Лектор: Ивайло Кенов
        Дата: 24 септември 2015

        Уебсайт на Академията на Телерик: http://academy.telerik.com

        Следете за предстоящи безплатни обучения на Академията на Телерик във Facebook: http://www.facebook.com/TelerikAcademy.
      </media:description>
      <media:community>
        <media:starRating count="4" average="5.00" min="1" max="5"/>
        <media:statistics views="324"/>
      </media:community>
    </media:group>
  </entry>
  <entry>
    <id>yt:video:P3fhn12PwJM</id>
    <yt:videoId>P3fhn12PwJM</yt:videoId>
    <yt:channelId>UCLC-vbm7OWvpbqzXaoAMGGw</yt:channelId>
    <title>Поведенчески шаблони за дизайн (Behavioural Patterns)</title>
    <link rel="alternate" href="http://www.youtube.com/watch?v=P3fhn12PwJM"/>
    <author>
      <name>TelerikAcademy</name>
      <uri>http://www.youtube.com/channel/UCLC-vbm7OWvpbqzXaoAMGGw</uri>
    </author>
    <published>2015-09-23T09:30:40+00:00</published>
    <updated>2015-09-28T08:42:39+00:00</updated>
    <media:group>
      <media:title>Поведенчески шаблони за дизайн (Behavioural Patterns)</media:title>
      <media:content url="https://www.youtube.com/v/P3fhn12PwJM?version=3" type="application/x-shockwave-flash" width="640" height="390"/>
      <media:thumbnail url="https://i1.ytimg.com/vi/P3fhn12PwJM/hqdefault.jpg" width="480" height="360"/>
      <media:description>
        Лекция: Поведенчески шаблони за дизайн (Structural Patterns)
        Курс: Качествен програмен код 2015
        Лектор: Ивайло Кенов
        Дата: 12 септември 2015

        Уебсайт на Академията на Телерик: http://academy.telerik.com

        Следете за предстоящи безплатни обучения на Академията на Телерик във Facebook: http://www.facebook.com/TelerikAcademy.
      </media:description>
      <media:community>
        <media:starRating count="0" average="0.00" min="1" max="5"/>
        <media:statistics views="456"/>
      </media:community>
    </media:group>
  </entry>
</feed>
