{
  "?xml": {
    "@version": "1.0",
    "@encoding": "UTF-8"
  },
  "feed": {
    "@xmlns:yt": "http://www.youtube.com/xml/schemas/2015",
    "@xmlns:media": "http://search.yahoo.com/mrss/",
    "@xmlns": "http://www.w3.org/2005/Atom",
    "link": [
      {
        "@rel": "self",
        "@href": "http://www.youtube.com/feeds/videos.xml?channel_id=UCLC-vbm7OWvpbqzXaoAMGGw"
      },
      {
        "@rel": "alternate",
        "@href": "http://www.youtube.com/channel/UCLC-vbm7OWvpbqzXaoAMGGw"
      }
    ],
    "id": "yt:channel:UCLC-vbm7OWvpbqzXaoAMGGw",
    "yt:channelId": "UCLC-vbm7OWvpbqzXaoAMGGw",
    "title": "TelerikAcademy",
    "author": {
      "name": "TelerikAcademy",
      "uri": "http://www.youtube.com/channel/UCLC-vbm7OWvpbqzXaoAMGGw"
    },
    "published": "2011-06-24T15:53:13+00:00",
    "entry": [
      {
        "id": "yt:video:9OslpKIQBkU",
        "yt:videoId": "9OslpKIQBkU",
        "yt:channelId": "UCLC-vbm7OWvpbqzXaoAMGGw",
        "title": "Въведение в SQL (Част 2)",
        "link": {
          "@rel": "alternate",
          "@href": "http://www.youtube.com/watch?v=9OslpKIQBkU"
        },
        "author": {
          "name": "TelerikAcademy",
          "uri": "http://www.youtube.com/channel/UCLC-vbm7OWvpbqzXaoAMGGw"
        },
        "published": "2015-10-06T08:01:58+00:00",
        "updated": "2015-10-06T08:01:58+00:00",
        "media:group": {
          "media:title": "Въведение в SQL (Част 2)",
          "media:content": {
            "@url": "https://www.youtube.com/v/9OslpKIQBkU?version=3",
            "@type": "application/x-shockwave-flash",
            "@width": "640",
            "@height": "390"
          },
          "media:thumbnail": {
            "@url": "https://i2.ytimg.com/vi/9OslpKIQBkU/hqdefault.jpg",
            "@width": "480",
            "@height": "360"
          },
          "media:description": "\n        Лекция: Въведение в SQL (Част 2)\n        Курс: Бази данни 2015\n        Лектор: Ивайло Кенов\n        Дата: 5 октомври 2015\n\n        Уебсайт на Академията на Телерик: http://academy.telerik.com\n\n        Следете за предстоящи безплатни обучения на Академията на Телерик във Facebook: http://www.facebook.com/TelerikAcademy.\n      ",
          "media:community": {
            "media:starRating": {
              "@count": "0",
              "@average": "0.00",
              "@min": "1",
              "@max": "5"
            },
            "media:statistics": {
              "@views": "104"
            }
          }
        }
      },
      {
        "id": "yt:video:hazRQIFGE2E",
        "yt:videoId": "hazRQIFGE2E",
        "yt:channelId": "UCLC-vbm7OWvpbqzXaoAMGGw",
        "title": "Въведение в SQL",
        "link": {
          "@rel": "alternate",
          "@href": "http://www.youtube.com/watch?v=hazRQIFGE2E"
        },
        "author": {
          "name": "TelerikAcademy",
          "uri": "http://www.youtube.com/channel/UCLC-vbm7OWvpbqzXaoAMGGw"
        },
        "published": "2015-10-05T08:09:59+00:00",
        "updated": "2015-10-06T09:58:11+00:00",
        "media:group": {
          "media:title": "Въведение в SQL",
          "media:content": {
            "@url": "https://www.youtube.com/v/hazRQIFGE2E?version=3",
            "@type": "application/x-shockwave-flash",
            "@width": "640",
            "@height": "390"
          },
          "media:thumbnail": {
            "@url": "https://i1.ytimg.com/vi/hazRQIFGE2E/hqdefault.jpg",
            "@width": "480",
            "@height": "360"
          },
          "media:description": "\n        Лекция: Въведение в SQL\n        Курс: Бази данни 2015\n        Лектор: Ивайло Кенов\n        Дата: 2 октомври 2015\n\n        Уебсайт на Академията на Телерик: http://academy.telerik.com\n\n        Следете за предстоящи безплатни обучения на Академията на Телерик във Facebook: http://www.facebook.com/TelerikAcademy.\n      ",
          "media:community": {
            "media:starRating": {
              "@count": "2",
              "@average": "5.00",
              "@min": "1",
              "@max": "5"
            },
            "media:statistics": {
              "@views": "156"
            }
          }
        }
      },
      {
        "id": "yt:video:Wu1K7UHk9XA",
        "yt:videoId": "Wu1K7UHk9XA",
        "yt:channelId": "UCLC-vbm7OWvpbqzXaoAMGGw",
        "title": "Моделиране на данни",
        "link": {
          "@rel": "alternate",
          "@href": "http://www.youtube.com/watch?v=Wu1K7UHk9XA"
        },
        "author": {
          "name": "TelerikAcademy",
          "uri": "http://www.youtube.com/channel/UCLC-vbm7OWvpbqzXaoAMGGw"
        },
        "published": "2015-10-02T13:01:01+00:00",
        "updated": "2015-10-04T11:32:49+00:00",
        "media:group": {
          "media:title": "Моделиране на данни",
          "media:content": {
            "@url": "https://www.youtube.com/v/Wu1K7UHk9XA?version=3",
            "@type": "application/x-shockwave-flash",
            "@width": "640",
            "@height": "390"
          },
          "media:thumbnail": {
            "@url": "https://i4.ytimg.com/vi/Wu1K7UHk9XA/hqdefault.jpg",
            "@width": "480",
            "@height": "360"
          },
          "media:description": "\n        Лекция: Моделиране на данни\n        Курс: Бази Данни 2015\n        Лектор: Евлоги Христов\n        Дата: 02 Октомври 2015\n\n        Уебсайт на Академията на Телерик: http://academy.telerik.com\n\n        Следете за предстоящи безплатни обучения на Академията на Телерик във Facebook: http://www.facebook.com/TelerikAcademy.\n      ",
          "media:community": {
            "media:starRating": {
              "@count": "2",
              "@average": "3.00",
              "@min": "1",
              "@max": "5"
            },
            "media:statistics": {
              "@views": "393"
            }
          }
        }
      },
      {
        "id": "yt:video:qHFfV-WQgD0",
        "yt:videoId": "qHFfV-WQgD0",
        "yt:channelId": "UCLC-vbm7OWvpbqzXaoAMGGw",
        "title": "Mocking with Moq and JustMock (Ники)",
        "link": {
          "@rel": "alternate",
          "@href": "http://www.youtube.com/watch?v=qHFfV-WQgD0"
        },
        "author": {
          "name": "TelerikAcademy",
          "uri": "http://www.youtube.com/channel/UCLC-vbm7OWvpbqzXaoAMGGw"
        },
        "published": "2015-10-02T06:18:00+00:00",
        "updated": "2015-10-02T16:31:50+00:00",
        "media:group": {
          "media:title": "Mocking with Moq and JustMock (Ники)",
          "media:content": {
            "@url": "https://www.youtube.com/v/qHFfV-WQgD0?version=3",
            "@type": "application/x-shockwave-flash",
            "@width": "640",
            "@height": "390"
          },
          "media:thumbnail": {
            "@url": "https://i2.ytimg.com/vi/qHFfV-WQgD0/hqdefault.jpg",
            "@width": "480",
            "@height": "360"
          },
          "media:description": "\n        Лекция: Mocking with Moq and JustMock\n        Курс: Качествен програмен код 2015\n        Лектор: Николай Костов\n        Дата: 1 октомври 2015\n\n        Уебсайт на Академията на Телерик: http://academy.telerik.com\n\n        Следете за предстоящи безплатни обучения на Академията на Телерик във Facebook: http://www.facebook.com/TelerikAcademy.\n      ",
          "media:community": {
            "media:starRating": {
              "@count": "1",
              "@average": "5.00",
              "@min": "1",
              "@max": "5"
            },
            "media:statistics": {
              "@views": "112"
            }
          }
        }
      },
      {
        "id": "yt:video:LWZP5S8U7Z0",
        "yt:videoId": "LWZP5S8U7Z0",
        "yt:channelId": "UCLC-vbm7OWvpbqzXaoAMGGw",
        "title": "Software Quality Assurance",
        "link": {
          "@rel": "alternate",
          "@href": "http://www.youtube.com/watch?v=LWZP5S8U7Z0"
        },
        "author": {
          "name": "TelerikAcademy",
          "uri": "http://www.youtube.com/channel/UCLC-vbm7OWvpbqzXaoAMGGw"
        },
        "published": "2015-10-01T12:08:46+00:00",
        "updated": "2015-10-01T12:08:46+00:00",
        "media:group": {
          "media:title": "Software Quality Assurance",
          "media:content": {
            "@url": "https://www.youtube.com/v/LWZP5S8U7Z0?version=3",
            "@type": "application/x-shockwave-flash",
            "@width": "640",
            "@height": "390"
          },
          "media:thumbnail": {
            "@url": "https://i1.ytimg.com/vi/LWZP5S8U7Z0/hqdefault.jpg",
            "@width": "480",
            "@height": "360"
          },
          "media:description": "\n        Лекция: Software Quality Assurance\n        Курс: Качествен програмен код 2015\n        Лектор: Ивайло Кенов\n        Дата: 30 септември 2015\n\n        Уебсайт на Академията на Телерик: http://academy.telerik.com\n\n        Следете за предстоящи безплатни обучения на Академията на Телерик във Facebook: http://www.facebook.com/TelerikAcademy.\n      ",
          "media:community": {
            "media:starRating": {
              "@count": "0",
              "@average": "0.00",
              "@min": "1",
              "@max": "5"
            },
            "media:statistics": {
              "@views": "151"
            }
          }
        }
      },
      {
        "id": "yt:video:-R6aeupYHMQ",
        "yt:videoId": "-R6aeupYHMQ",
        "yt:channelId": "UCLC-vbm7OWvpbqzXaoAMGGw",
        "title": "Mocking с Moq и JustMock",
        "link": {
          "@rel": "alternate",
          "@href": "http://www.youtube.com/watch?v=-R6aeupYHMQ"
        },
        "author": {
          "name": "TelerikAcademy",
          "uri": "http://www.youtube.com/channel/UCLC-vbm7OWvpbqzXaoAMGGw"
        },
        "published": "2015-10-01T12:08:23+00:00",
        "updated": "2015-10-04T11:38:35+00:00",
        "media:group": {
          "media:title": "Mocking с Moq и JustMock",
          "media:content": {
            "@url": "https://www.youtube.com/v/-R6aeupYHMQ?version=3",
            "@type": "application/x-shockwave-flash",
            "@width": "640",
            "@height": "390"
          },
          "media:thumbnail": {
            "@url": "https://i2.ytimg.com/vi/-R6aeupYHMQ/hqdefault.jpg",
            "@width": "480",
            "@height": "360"
          },
          "media:description": "\n        Лекция: Mocking с Moq и JustMock\n        Курс: Качествен програмен код 2015\n        Лектор: Ивайло Кенов\n        Дата: 30 септември 2015\n\n        Уебсайт на Академията на Телерик: http://academy.telerik.com\n\n        Следете за предстоящи безплатни обучения на Академията на Телерик във Facebook: http://www.facebook.com/TelerikAcademy.\n      ",
          "media:community": {
            "media:starRating": {
              "@count": "1",
              "@average": "1.00",
              "@min": "1",
              "@max": "5"
            },
            "media:statistics": {
              "@views": "182"
            }
          }
        }
      },
      {
        "id": "yt:video:Kvy1hesBrLE",
        "yt:videoId": "Kvy1hesBrLE",
        "yt:channelId": "UCLC-vbm7OWvpbqzXaoAMGGw",
        "title": "Въведение в базите данни (Ники)",
        "link": {
          "@rel": "alternate",
          "@href": "http://www.youtube.com/watch?v=Kvy1hesBrLE"
        },
        "author": {
          "name": "TelerikAcademy",
          "uri": "http://www.youtube.com/channel/UCLC-vbm7OWvpbqzXaoAMGGw"
        },
        "published": "2015-09-30T22:16:30+00:00",
        "updated": "2015-10-04T12:38:39+00:00",
        "media:group": {
          "media:title": "Въведение в базите данни (Ники)",
          "media:content": {
            "@url": "https://www.youtube.com/v/Kvy1hesBrLE?version=3",
            "@type": "application/x-shockwave-flash",
            "@width": "640",
            "@height": "390"
          },
          "media:thumbnail": {
            "@url": "https://i4.ytimg.com/vi/Kvy1hesBrLE/hqdefault.jpg",
            "@width": "480",
            "@height": "360"
          },
          "media:description": "\n        Лекция: Въведение в базите данни\n        Курс: Бази данни 2015\n        Лектор: Николай Костов\n        Дата: 30 септември 2015\n\n        Уебсайт на Академията на Телерик: http://academy.telerik.com\n\n        Следете за предстоящи безплатни обучения на Академията на Телерик във Facebook: http://www.facebook.com/TelerikAcademy.\n      ",
          "media:community": {
            "media:starRating": {
              "@count": "4",
              "@average": "5.00",
              "@min": "1",
              "@max": "5"
            },
            "media:statistics": {
              "@views": "464"
            }
          }
        }
      },
      {
        "id": "yt:video:QJMiAtlkLck",
        "yt:videoId": "QJMiAtlkLck",
        "yt:channelId": "UCLC-vbm7OWvpbqzXaoAMGGw",
        "title": "Microsoft SQL Server и MySQL (Ники)",
        "link": {
          "@rel": "alternate",
          "@href": "http://www.youtube.com/watch?v=QJMiAtlkLck"
        },
        "author": {
          "name": "TelerikAcademy",
          "uri": "http://www.youtube.com/channel/UCLC-vbm7OWvpbqzXaoAMGGw"
        },
        "published": "2015-09-30T22:06:47+00:00",
        "updated": "2015-10-01T07:56:53+00:00",
        "media:group": {
          "media:title": "Microsoft SQL Server и MySQL (Ники)",
          "media:content": {
            "@url": "https://www.youtube.com/v/QJMiAtlkLck?version=3",
            "@type": "application/x-shockwave-flash",
            "@width": "640",
            "@height": "390"
          },
          "media:thumbnail": {
            "@url": "https://i2.ytimg.com/vi/QJMiAtlkLck/hqdefault.jpg",
            "@width": "480",
            "@height": "360"
          },
          "media:description": "\n        Лекция: Microsoft SQL Server и MySQL\n        Курс: Бази данни 2015\n        Лектор: Николай Костов\n        Дата: 30 септември 2015\n\n        Уебсайт на Академията на Телерик: http://academy.telerik.com\n\n        Следете за предстоящи безплатни обучения на Академията на Телерик във Facebook: http://www.facebook.com/TelerikAcademy.\n      ",
          "media:community": {
            "media:starRating": {
              "@count": "1",
              "@average": "5.00",
              "@min": "1",
              "@max": "5"
            },
            "media:statistics": {
              "@views": "386"
            }
          }
        }
      },
      {
        "id": "yt:video:ErdJLV6kij8",
        "yt:videoId": "ErdJLV6kij8",
        "yt:channelId": "UCLC-vbm7OWvpbqzXaoAMGGw",
        "title": "Работа с JSON  в NET",
        "link": {
          "@rel": "alternate",
          "@href": "http://www.youtube.com/watch?v=ErdJLV6kij8"
        },
        "author": {
          "name": "TelerikAcademy",
          "uri": "http://www.youtube.com/channel/UCLC-vbm7OWvpbqzXaoAMGGw"
        },
        "published": "2015-09-30T14:55:05+00:00",
        "updated": "2015-10-06T02:12:54+00:00",
        "media:group": {
          "media:title": "Работа с JSON  в NET",
          "media:content": {
            "@url": "https://www.youtube.com/v/ErdJLV6kij8?version=3",
            "@type": "application/x-shockwave-flash",
            "@width": "640",
            "@height": "390"
          },
          "media:thumbnail": {
            "@url": "https://i2.ytimg.com/vi/ErdJLV6kij8/hqdefault.jpg",
            "@width": "480",
            "@height": "360"
          },
          "media:description": "\n        Лекция: Работа с JSON  в NET\n        Курс: Бази от данни 2015\n        Лектор: Дончо Минков\n        Дата: 29 октомври 2015\n\n        Уебсайт на Академията на Телерик: http://academy.telerik.com\n\n        Следете за предстоящи безплатни обучения на Академията на Телерик във Facebook: http://www.facebook.com/TelerikAcademy.\n      ",
          "media:community": {
            "media:starRating": {
              "@count": "1",
              "@average": "5.00",
              "@min": "1",
              "@max": "5"
            },
            "media:statistics": {
              "@views": "446"
            }
          }
        }
      },
      {
        "id": "yt:video:yLAbc_Bvdj8",
        "yt:videoId": "yLAbc_Bvdj8",
        "yt:channelId": "UCLC-vbm7OWvpbqzXaoAMGGw",
        "title": "Работа с XML в .NET",
        "link": {
          "@rel": "alternate",
          "@href": "http://www.youtube.com/watch?v=yLAbc_Bvdj8"
        },
        "author": {
          "name": "TelerikAcademy",
          "uri": "http://www.youtube.com/channel/UCLC-vbm7OWvpbqzXaoAMGGw"
        },
        "published": "2015-09-29T21:45:42+00:00",
        "updated": "2015-09-29T21:45:42+00:00",
        "media:group": {
          "media:title": "Работа с XML в .NET",
          "media:content": {
            "@url": "https://www.youtube.com/v/yLAbc_Bvdj8?version=3",
            "@type": "application/x-shockwave-flash",
            "@width": "640",
            "@height": "390"
          },
          "media:thumbnail": {
            "@url": "https://i2.ytimg.com/vi/yLAbc_Bvdj8/hqdefault.jpg",
            "@width": "480",
            "@height": "360"
          },
          "media:description": "\n        Лекция: Работа с XML в .NET\n        Курс: Бази данни 2015\n        Лектор: Евлоги Христов\n        Дата: 29 септември 2015\n\n        Уебсайт на Академията на Телерик: http://academy.telerik.com\n\n        Следете за предстоящи безплатни обучения на Академията на Телерик във Facebook: http://www.facebook.com/TelerikAcademy.\n      ",
          "media:community": {
            "media:starRating": {
              "@count": "0",
              "@average": "0.00",
              "@min": "1",
              "@max": "5"
            },
            "media:statistics": {
              "@views": "560"
            }
          }
        }
      },
      {
        "id": "yt:video:CZUJa61fUQ8",
        "yt:videoId": "CZUJa61fUQ8",
        "yt:channelId": "UCLC-vbm7OWvpbqzXaoAMGGw",
        "title": "C# Tips and Tricks - част 2 (Ники)",
        "link": {
          "@rel": "alternate",
          "@href": "http://www.youtube.com/watch?v=CZUJa61fUQ8"
        },
        "author": {
          "name": "TelerikAcademy",
          "uri": "http://www.youtube.com/channel/UCLC-vbm7OWvpbqzXaoAMGGw"
        },
        "published": "2015-09-29T07:03:01+00:00",
        "updated": "2015-10-05T14:50:28+00:00",
        "media:group": {
          "media:title": "C# Tips and Tricks - част 2 (Ники)",
          "media:content": {
            "@url": "https://www.youtube.com/v/CZUJa61fUQ8?version=3",
            "@type": "application/x-shockwave-flash",
            "@width": "640",
            "@height": "390"
          },
          "media:thumbnail": {
            "@url": "https://i4.ytimg.com/vi/CZUJa61fUQ8/hqdefault.jpg",
            "@width": "480",
            "@height": "360"
          },
          "media:description": "\n        Лекция: C# Tips and Tricks - част 2\n        Курс: Telerik Academy Plus\n        Лектор: Николай Костов\n        Дата: 26 септвмври 2015\n\n        Уебсайт на Академията на Телерик: http://academy.telerik.com\n\n        Следете за предстоящи безплатни обучения на Академията на Телерик във Facebook: http://www.facebook.com/TelerikAcademy.\n      ",
          "media:community": {
            "media:starRating": {
              "@count": "7",
              "@average": "5.00",
              "@min": "1",
              "@max": "5"
            },
            "media:statistics": {
              "@views": "227"
            }
          }
        }
      },
      {
        "id": "yt:video:40lgchWTyDQ",
        "yt:videoId": "40lgchWTyDQ",
        "yt:channelId": "UCLC-vbm7OWvpbqzXaoAMGGw",
        "title": "Основи в XML",
        "link": {
          "@rel": "alternate",
          "@href": "http://www.youtube.com/watch?v=40lgchWTyDQ"
        },
        "author": {
          "name": "TelerikAcademy",
          "uri": "http://www.youtube.com/channel/UCLC-vbm7OWvpbqzXaoAMGGw"
        },
        "published": "2015-09-28T21:12:16+00:00",
        "updated": "2015-09-29T09:03:38+00:00",
        "media:group": {
          "media:title": "Основи в XML",
          "media:content": {
            "@url": "https://www.youtube.com/v/40lgchWTyDQ?version=3",
            "@type": "application/x-shockwave-flash",
            "@width": "640",
            "@height": "390"
          },
          "media:thumbnail": {
            "@url": "https://i1.ytimg.com/vi/40lgchWTyDQ/hqdefault.jpg",
            "@width": "480",
            "@height": "360"
          },
          "media:description": "\n        Лекция: Основи в XML\n        Курс: Бази данни 2015\n        Лектор: Евлоги Христов\n        Дата: 28 септември 2015\n\n        Уебсайт на Академията на Телерик: http://academy.telerik.com\n\n        Следете за предстоящи безплатни обучения на Академията на Телерик във Facebook: http://www.facebook.com/TelerikAcademy.\n      ",
          "media:community": {
            "media:starRating": {
              "@count": "1",
              "@average": "5.00",
              "@min": "1",
              "@max": "5"
            },
            "media:statistics": {
              "@views": "940"
            }
          }
        }
      },
      {
        "id": "yt:video:KUSJYQnsuJw",
        "yt:videoId": "KUSJYQnsuJw",
        "yt:channelId": "UCLC-vbm7OWvpbqzXaoAMGGw",
        "title": "Представяне на курса по Бази данни",
        "link": {
          "@rel": "alternate",
          "@href": "http://www.youtube.com/watch?v=KUSJYQnsuJw"
        },
        "author": {
          "name": "TelerikAcademy",
          "uri": "http://www.youtube.com/channel/UCLC-vbm7OWvpbqzXaoAMGGw"
        },
        "published": "2015-09-28T18:44:19+00:00",
        "updated": "2015-09-30T10:21:51+00:00",
        "media:group": {
          "media:title": "Представяне на курса по Бази данни",
          "media:content": {
            "@url": "https://www.youtube.com/v/KUSJYQnsuJw?version=3",
            "@type": "application/x-shockwave-flash",
            "@width": "640",
            "@height": "390"
          },
          "media:thumbnail": {
            "@url": "https://i4.ytimg.com/vi/KUSJYQnsuJw/hqdefault.jpg",
            "@width": "480",
            "@height": "360"
          },
          "media:description": "\n        Лекция: Представяне на курса по Бази данни\n        Курс: Бази данни 2015\n        Лектор: Николай Костов\n        Дата: 28 септември 2015\n\n        Уебсайт на Академията на Телерик: http://academy.telerik.com\n\n        Следете за предстоящи безплатни обучения на Академията на Телерик във Facebook: http://www.facebook.com/TelerikAcademy.\n      ",
          "media:community": {
            "media:starRating": {
              "@count": "3",
              "@average": "5.00",
              "@min": "1",
              "@max": "5"
            },
            "media:statistics": {
              "@views": "578"
            }
          }
        }
      },
      {
        "id": "yt:video:yoIfXSzgCxo",
        "yt:videoId": "yoIfXSzgCxo",
        "yt:channelId": "UCLC-vbm7OWvpbqzXaoAMGGw",
        "title": "Основи на софтуерното инженерство",
        "link": {
          "@rel": "alternate",
          "@href": "http://www.youtube.com/watch?v=yoIfXSzgCxo"
        },
        "author": {
          "name": "TelerikAcademy",
          "uri": "http://www.youtube.com/channel/UCLC-vbm7OWvpbqzXaoAMGGw"
        },
        "published": "2015-09-25T07:50:10+00:00",
        "updated": "2015-09-28T20:51:50+00:00",
        "media:group": {
          "media:title": "Основи на софтуерното инженерство",
          "media:content": {
            "@url": "https://www.youtube.com/v/yoIfXSzgCxo?version=3",
            "@type": "application/x-shockwave-flash",
            "@width": "640",
            "@height": "390"
          },
          "media:thumbnail": {
            "@url": "https://i2.ytimg.com/vi/yoIfXSzgCxo/hqdefault.jpg",
            "@width": "480",
            "@height": "360"
          },
          "media:description": "\n        Лекция: Основи на софтуерното инженерство\n        Курс: Качествен програмен код 2015\n        Лектор: Ивайло Кенов\n        Дата: 24 септември 2015\n\n        Уебсайт на Академията на Телерик: http://academy.telerik.com\n\n        Следете за предстоящи безплатни обучения на Академията на Телерик във Facebook: http://www.facebook.com/TelerikAcademy.\n      ",
          "media:community": {
            "media:starRating": {
              "@count": "4",
              "@average": "5.00",
              "@min": "1",
              "@max": "5"
            },
            "media:statistics": {
              "@views": "324"
            }
          }
        }
      },
      {
        "id": "yt:video:P3fhn12PwJM",
        "yt:videoId": "P3fhn12PwJM",
        "yt:channelId": "UCLC-vbm7OWvpbqzXaoAMGGw",
        "title": "Поведенчески шаблони за дизайн (Behavioural Patterns)",
        "link": {
          "@rel": "alternate",
          "@href": "http://www.youtube.com/watch?v=P3fhn12PwJM"
        },
        "author": {
          "name": "TelerikAcademy",
          "uri": "http://www.youtube.com/channel/UCLC-vbm7OWvpbqzXaoAMGGw"
        },
        "published": "2015-09-23T09:30:40+00:00",
        "updated": "2015-09-28T08:42:39+00:00",
        "media:group": {
          "media:title": "Поведенчески шаблони за дизайн (Behavioural Patterns)",
          "media:content": {
            "@url": "https://www.youtube.com/v/P3fhn12PwJM?version=3",
            "@type": "application/x-shockwave-flash",
            "@width": "640",
            "@height": "390"
          },
          "media:thumbnail": {
            "@url": "https://i1.ytimg.com/vi/P3fhn12PwJM/hqdefault.jpg",
            "@width": "480",
            "@height": "360"
          },
          "media:description": "\n        Лекция: Поведенчески шаблони за дизайн (Structural Patterns)\n        Курс: Качествен програмен код 2015\n        Лектор: Ивайло Кенов\n        Дата: 12 септември 2015\n\n        Уебсайт на Академията на Телерик: http://academy.telerik.com\n\n        Следете за предстоящи безплатни обучения на Академията на Телерик във Facebook: http://www.facebook.com/TelerikAcademy.\n      ",
          "media:community": {
            "media:starRating": {
              "@count": "0",
              "@average": "0.00",
              "@min": "1",
              "@max": "5"
            },
            "media:statistics": {
              "@views": "456"
            }
          }
        }
      }
    ]
  }
}